Extraversion,Agreeableness,Conscientiousness,Openness,Neuroticism,External Critique,Orthodoxy,Historical Relativism,Relativism,Second Naïveté
34.08243926955074,46.04369024526768,40.78855405839474,461.1104260765943,43.86586790402179,2.8381431267331476,13.283296834892964,3.7449904842893322,6.0938604476570335,4.45893777630581
45.91489436896755,45.968432563059295,41.23528956898534,401.38427372368744,28.027017465264183,3.8241361934090192,9.923179335416533,3.392507083195828,5.230517453958348,3.2699487326971926
33.00865392685655,42.065840977872995,42.069170142165795,390.19351004378586,41.02388916641301,2.2884707095668197,10.675466654516043,3.7654156415538336,4.8017858003437865,4.683288354399076
56.11215273237331,45.903570626507914,53.080369272993636,468.51872711594535,20.018578136886237,5.8249889353827395,13.7505130369989,2.826004886952663,2.5924729447362536,0.8834505554154797
31.972346300358975,49.00917372864293,42.161416830835314,508.68684742169773,43.02602822006363,4.038579230789999,15.431653336237048,4.689029310247378,4.916691609447109,4.627536407157601
25.000827128856834,38.04004968762007,38.90645087586495,299.3628813498714,50.16130093688124,3.3358771442079154,7.920344891322214,4.947164108823779,5.771864428613836,5.61720904539269
27.907888896356535,44.97528165162757,52.090762434549575,379.1575542741707,46.860880698063056,3.8498505023708796,37.75171079693337,4.949980874353689,5.84502923872689,6.2405826977188426
28.029099967256663,27.965620254811792,46.92371951147953,410.3945011435644,12.94266616909005,6.935906349633002,2.8048197804979225,5.2240961782831565,3.943936108575702,1.1366516116534089
39.16184552588294,34.1470852374003,40.036525234847375,320.3926209871214,37.93289317460631,4.055347032569428,75.38712851101126,4.69701870947914,4.503520661040999,4.747194770689493
29.049658315925157,43.89247697515358,37.88601717702996,521.1860488652851,52.210432640105054,5.891121663834276,2.5090269362149185,5.385153285836735,5.01224693148656,1.0827881717831707
51.03335401627876,48.01742259741691,33.97327023343831,379.5143085974004,23.977312583002178,3.644381232783158,7.42594664715372,4.829295729879058,5.3774316147158165,5.621219833815181
26.900506929669163,34.85204492638027,47.092886296126316,458.00733117864877,44.89613808670288,3.472668620650886,26.286256546688854,4.680200454475212,5.073666995475225,4.131439299329251
29.006699431311844,46.036746653209626,32.064068681686656,319.66064222653023,46.85387803891828,2.9749711163361163,59.197908625133316,5.10809367574498,5.010088081154445,3.998447408796882
34.07179896313687,37.13920141906693,35.02623326280857,440.5660524608135,54.16487431301151,3.7136808848514478,3.977546598801215,5.759726343324174,6.277005286867279,3.5092213518877586
52.09500174985114,49.05116498488363,52.07016078836313,401.0542266675991,22.12868147280485,3.1127941836133215,38.167930701102456,4.993344780190858,4.846592253932001,3.6932047969966746
52.125936456804105,43.05507915161121,54.89432379820374,439.9771220040859,23.98728950762263,2.529866412297388,14.428054670193742,4.560146009041332,5.340886199453972,4.39992483850477
28.952977736840943,35.95722775498024,33.00484932640281,450.2943301615607,46.91865351052066,5.850650121513422,2.6562678358692917,4.752117103778722,5.88065975046628,2.7278462753884067
38.122759663332076,48.90782595442285,32.80902277935784,569.0308118873509,48.07644521108653,4.223592953293501,4.411822997034914,4.961442838007718,5.440921555343209,2.4292824599435945
48.80603235283134,29.907622895485986,35.971212207920836,480.6701782169935,45.79105339148347,5.28878674199439,8.215601622613578,6.317975668902443,6.04076809253266,3.8426716745285914
42.97561447119826,45.08729527177499,54.96425396527144,500.30195882115163,19.976312370627028,6.784201009099934,3.0101423507814555,5.029706487372309,5.834497546438386,1.7663955317183169
36.01402274862992,43.0885948232378,32.034716365609086,471.07652615158713,46.839962030974995,3.9495817453931297,4.57688589146794,4.992144166337384,5.774944903935434,3.727229559550251
43.96019648348449,46.02952707655121,34.13614347655516,389.0593403115645,39.93376564534592,3.8928864173637465,17.900591705077982,3.97885416561788,4.288556816112361,5.0890926624110815
44.020308486740625,51.91193145985865,55.08566244579639,438.9831551892303,41.013776142017925,3.207169708741646,14.554813799481416,5.502287948185703,4.601755714407758,5.669089129510952
37.01645130023265,46.119198692066256,41.063655051930816,398.60517484938464,33.83600747272805,5.146500977611023,5.861884995715285,5.075980999580101,6.324997963227466,3.40525567640317
42.897050109507326,36.894928599892594,40.813535620132996,410.06392018036456,33.924254496199275,4.014833477081398,15.997056476226092,5.90397970245341,5.463167195326507,3.9445042750133217
32.118651664932806,51.861398195674056,49.008054036160736,291.23046200588584,53.99013956995169,0.8766335014340426,177.85680253108822,3.643607912144577,3.301896678868549,5.789557329292688
56.88281974255336,59.12131656413469,34.024582020023615,520.8856762587475,28.77946008075219,2.2967701682423165,8.625895917669014,5.300853758416656,6.2811999535807,5.536535005012887
47.03202359104551,53.97723455425071,57.157625466227486,481.7369782981592,16.871248672611266,4.142112247593765,11.063428232528608,4.824696370781024,5.404822111033854,4.246460976094219
39.07388855393909,48.77062686803346,35.89744550012855,429.188412793456,32.09909163725382,2.4438920537952904,411.2790603471718,4.198914476291878,3.437867322544356,6.54583281682235
47.97067660647809,50.92247124325315,34.03419402604767,528.7195382351158,21.96749293719747,2.5699806003873764,8.923889623919237,3.2330930016854302,4.6870933896549,5.833339693789278
39.036884098616746,57.97433633461692,49.87667040890195,348.7549840989623,24.958809466278833,1.4290176101761283,55.48153888881496,3.6636840310715257,4.738699075319348,5.89990915408443
29.004570952506445,46.962386180191665,41.9786663070651,370.08414682555974,39.282234681818636,5.160066028015811,3.739136320462217,4.427130986418081,5.9280062645026845,1.7747339341673496
40.926284239443376,40.08544870520315,42.049241558866676,370.4414980359642,32.95357471311002,3.8122537675176487,42.695986619295,4.4464734415358,4.423691560817538,4.442804544504952
33.86056005858963,45.02150576889839,46.97898772920337,489.89977804981174,29.732002796779966,2.4038387493279427,10.614946143559335,5.950534426601624,6.306709096431684,3.0531002184482934
14.073408671040143,31.816051287298656,17.121765308376453,360.30049744885764,43.98432176104188,4.524638678639293,58.482046739055534,4.132517384171361,4.9234071450425825,5.219315638419649
16.9731208716477,51.0028190370069,46.07362602818077,389.7835913022842,35.11658176425339,4.688909943655285,5.019022844428696,6.697913993687604,6.148602651839109,4.87985798944563
30.986606981676868,40.047945760035,54.90062109844894,438.5856069796501,44.08022933535942,5.308595733283006,4.473492159986916,5.342803777670019,5.827149531702803,3.969093973459578
49.85975069846648,51.98577135262906,46.99693232213091,369.52369826232473,32.06880051686728,2.6777235585159262,12.548308934143838,6.589523604958358,7.042573689812575,6.286428128467207
39.09273898047622,32.973682596682465,38.9271421644175,309.95675829311483,35.09160024174613,5.872005902957572,256.7394436390992,6.038994098149099,5.306105850495488,5.86504611769444
31.942460542269924,31.914090544632202,44.03919170656721,431.02744707844704,47.114584635971134,4.723392196187585,13.564358933219099,6.101261497493994,6.457484630763926,3.9849099658994738
26.06288286894616,21.008399182224075,25.147051546464308,559.3089800462245,54.98166337233302,6.367098974779952,3.0828319718879054,4.5515432613311315,4.5729390258710705,2.584713843948637
54.95104246447232,51.84603564471737,35.83649717751291,500.4121243204866,19.024176951796797,3.785106056238177,6.98311004760859,4.344446010760258,4.791841681429678,3.763810701335418
36.03187804126199,41.042195038707064,39.03926976783369,480.64387486202793,43.8888702663154,5.653362158329396,2.2627851292807017,5.735141352982893,5.57144613838118,2.087324071105189
43.13566717477993,31.96831604473606,35.975148063183994,480.35638894581444,40.996931593092086,5.742796678024151,2.347265227884707,5.498805770938282,5.465545327310729,0.8705361261027481
42.74445101008256,38.01707840447595,52.14518908866091,389.3440142469294,30.10035933219341,3.7855597876136042,14.464343572420423,4.651483951770776,5.649440388887083,5.125785161299523
36.090504838481124,46.96498170566227,45.68679111988576,500.7875894424743,36.91341115311203,3.5865771829999638,10.40947709327871,5.317216744003527,5.224324047511128,4.166221273553492
37.82951272952297,51.929827300818204,52.08200981552668,468.69559095959653,32.02107799547064,3.2141355961094584,22.50158440575596,6.877498805700423,5.769254965477708,6.292980943705756
43.09251305180164,51.899045197349,55.824852473205404,428.60425703393645,17.030591008635124,1.944547494226808,52.69408210495188,4.653864177757148,4.27337380283671,4.599535590537017
41.0029466996906,35.966580701875166,41.95957360162728,530.4829516461083,27.114257583527507,4.717150105299825,2.759200700224467,4.911648076254291,5.413908519793356,1.878484433066833
43.035118380298265,37.799343659273234,48.15563048731179,370.5744090472298,19.900562784645423,4.576269774912492,5.8305261010629525,4.714281423270942,6.188828722312148,4.8986440826862285
41.010212429356976,43.95789669620458,43.14867605640347,430.90020898691535,39.01483569257541,3.4827960515302423,6.038580500913528,1.4149104998246984,1.9684592352942294,1.309383126281153
20.029963790655867,41.89881896144892,36.98338155012713,318.86086557440007,46.93078350182384,4.616557647556518,8.50780085791638,5.52654874632921,5.328310677087151,4.935262059548517
53.83894591647351,37.1943979690701,33.83457946751579,499.749801490834,12.999991296120273,4.1888367025950455,2.93697356171355,6.480797014027668,6.955499318090789,5.468834964614698
43.06726189110935,31.98319319183731,45.93941996445694,429.14110685919115,31.152192035805125,3.440597927745084,42.81973442926439,4.367241330064485,5.315265573121208,4.069548718706715
48.76976301395341,47.05922103985932,40.10692753077955,468.89160779056994,24.970531440007864,1.3451409088936115,76.48352792784351,3.327857229329097,2.360917520877452,5.744562621817706
45.128090894078866,29.136060756930963,47.76327544791225,450.0476721980556,18.021276510911918,3.2032735589080508,25.073207000912323,5.53007450181561,6.084666780543256,4.328831640828422
35.84946950449296,42.104174219901076,33.89897754825928,480.01692682308095,43.98364680294053,4.815646360242608,5.238325594892287,5.305079334412424,6.486224324356095,4.687209252664679
35.03798428634854,45.95502866107115,48.06104774044949,359.8468617200879,25.844692227197587,3.2681458763036466,32.576405925830834,5.11482820283626,5.078193416958395,4.7431735692779995
44.00965106225889,45.07041030216242,40.992549412384314,497.96364906808026,40.88812790504257,3.3365096719482685,11.016550256618507,5.377387743491147,4.576900364444351,5.391671639255545
42.93807841137678,50.834839715115145,45.161463833811524,429.5152074863156,50.86454791184528,3.3648758973584743,12.243086521659666,5.556694623953287,5.405671632023986,5.29843294640261
35.990163249076076,37.904046031414374,40.04683092660236,430.149408886184,44.96041132908348,3.7623817723439483,39.082259544799626,5.014766481025819,4.865267182828165,4.918232831953522
20.850389783535807,39.13794882688811,39.987089072404174,511.1324845096663,43.112994319975904,2.9320722882390484,17.087090526120157,4.24904475540116,5.168942105828237,4.127035850408458
32.947665072921936,43.157909686394525,48.08466746384767,349.66734703944087,45.984566532640684,3.732120131386206,27.36081244661819,5.747580422015425,5.636707608780018,4.2517105239111865
35.83718532531455,36.02618633105334,41.09568828492764,440.97513503125265,43.99130204930109,5.82256961435631,2.7586013217671255,5.009553391790536,6.107422812640309,4.622198535285334
39.0352438739913,32.07710511889709,49.126428976404696,410.3141048706515,32.90471773776489,2.568413271484278,25.769689575440747,2.996538618127703,3.0980150586907733,3.1322465107789323
26.87018486147993,46.86850264597637,41.00721478955433,499.36419520599287,38.85184477253701,5.041341335802572,9.03173187917327,5.6912301714359925,6.123724651296795,2.4989532559716072
21.02824673604274,26.19463510078766,16.904128022174667,461.0971721479422,59.9971731085702,3.992930903146779,7.871777642221254,5.823353332979464,6.328893450791566,4.148311051930388
26.93131787344271,38.00011421997113,40.04052307171502,499.4835752589021,57.004572006218694,3.23729936106186,23.054381190332474,5.04194183568714,5.363518760122364,4.899560412934874
40.00744156544736,52.12015958493518,46.04394038871057,430.4273048312538,37.94777502536903,1.6300081232275785,40.78778476665756,4.3947004811278285,4.826672058328194,5.8428199794844
41.961974386832146,32.1517581020431,41.02698650001824,480.41162289984703,22.0355556105578,3.2663018061728657,5.291612762132115,5.422750712447393,6.415985544266655,4.945765820908875
24.977921962261533,45.85159173449198,54.05537344635625,478.6086909378729,39.976276266439655,3.591890288569391,4.1944055870504755,5.932039354955794,5.1104601259683875,6.271564215775454
48.99359132961401,47.082663473438636,37.975917911645794,468.80902232223633,20.026142614770585,2.879998809467428,9.47612965125675,5.859182057418568,5.823186265590632,6.545092783908488
45.156303281265515,56.03694480538175,51.99647290168099,491.5397806843844,23.97346110930471,3.043694908801201,7.0388180151260915,6.5264559275390335,6.784917598689551,5.285221412801733
42.96506724970889,40.10912405707975,30.06919019816135,411.48376952065775,34.957892461387075,5.947431697050617,4.401855788965686,5.537063413639825,6.585316792077248,2.9808742470855187
44.01052116954567,47.942935697834365,57.23331714244265,419.68613776905454,31.95309918452963,2.956488339409828,6.0827548158840825,5.124754816006717,5.982689455482173,4.922116061543547
32.12787103047272,39.905058484805835,35.93428248928889,360.88225860750924,41.0693492617889,4.2694028129834,6.317968963187189,5.082142422020781,6.480322706641833,2.8698887688952115
33.10725918162217,28.005272180450607,46.09782770655406,390.9060043369814,47.88483226947349,6.322441399004326,3.8347200352251707,4.149147763944724,4.303710354729575,2.829888055286907
20.998944655857255,40.01337208380595,43.05730589540798,348.6742656640337,35.0118839338395,3.0749676924573315,18.032619290887848,5.0930241379401755,5.956109599630265,4.168365912764613
36.18698853628472,42.99727807767337,37.02034624266375,469.7816752060238,45.94068499076374,3.987389091986747,8.892359852674232,5.320197528668041,5.834669598142061,4.1535148206074
39.018936079552645,40.030068929534366,49.933572168147926,290.38339271810776,41.92882529916912,2.890011127018291,57.63359442438643,4.985307002873506,5.0302575698897485,4.719370373325256
45.925265824971945,45.11628692981295,45.95182262037501,471.2799082286517,22.966083473919284,4.655346934607104,5.1057410204083045,4.463137530569885,5.649470827644438,3.866843806479952
41.13137089191617,50.05261395545669,39.91773629837312,478.7138024729453,39.88432314634843,2.2015236348060587,26.054156546994292,4.63615565031649,5.875934397856969,5.4239450756061665
28.951864677101106,37.88660357141772,50.909860414395524,440.64627028858933,45.143287848659455,3.8819469556906094,9.14598016766905,5.010134602105864,6.429900656088061,2.393760529968541
46.81052527635904,30.238261894572048,28.05209142783158,389.7984059518186,17.054237062478652,5.66026752161574,5.503649606955305,4.472052818083531,3.817381001847655,1.958686803676655
46.01263341989614,52.96341694981231,29.949562105364528,569.4504862651114,35.00871610769326,6.440547838515924,2.8907458388558624,5.022617266921599,6.670142616326904,1.4465339724801023
32.049828533514386,29.910617908458217,33.113054199845415,490.7140724125411,54.9251566744037,5.020775186192631,7.342845593677177,5.526707813723385,5.71207925341846,2.736399860174232
24.945888370711437,39.97280084614626,37.92885412292634,481.66985530652323,52.98392637860537,3.642854377922156,22.65059685265596,5.489494400356401,4.741161570190832,5.215681997166521
33.78991970376236,44.98171223968313,35.140781718203876,380.7036958267809,38.97745939877891,3.5347652878908953,35.65204797534839,4.390281580953345,4.7425835580698505,4.838498269657747
46.98284089702625,34.96129665489896,36.795213559588795,309.61496648530454,37.89406485800275,5.2501386030808765,13.963118602553552,5.14624813467178,4.265037797219373,5.043991391092647
48.98702761108712,46.96191993560263,48.03938975135706,451.2930387617346,27.067413640218426,4.192009235376664,3.897313515452029,5.734857284550905,4.862947558815898,4.574157429372735
44.80247887049763,43.20467491696488,42.92154760122752,461.0979189842517,22.977144578669286,2.720019875079333,95.42085241588552,5.226921595832949,4.483193809390821,4.598047818687109
36.03611225618389,45.98191748439498,41.05686838242485,331.10791610399923,43.17671782808655,2.3265658957671995,22.560057705478265,5.448809710888059,5.923544011550406,4.652347009810305
35.9690696203656,47.82484255809542,25.019588615728715,459.4832847587034,37.98177279795822,4.504118325470779,9.17396635077323,5.065047906324573,5.391161793979884,2.9177602451408284
39.027336620922995,31.92009906565233,48.014766768339705,428.8928584996444,43.193393359894344,4.614837402775693,34.535878115695766,5.151639204489454,5.802025569960188,5.497464135279424
38.95463122115687,38.09912945545754,42.888233509751885,321.4075925677324,33.066203162327206,2.3080807921715865,15.781270928298051,4.464238361928366,5.165095802309686,4.216572653791438
35.07731023693263,49.17382744193328,40.884853601773116,370.21596426796526,30.93152260415273,3.593796748274526,10.742005355524475,4.829850658056691,4.00577489699336,4.961388210277748
34.06825098029779,49.15458935532232,31.87399628500198,539.4145167503123,34.931756111731005,2.572473627843437,8.52735154161721,5.313164539211203,6.504255034967546,4.30477565066276
53.04177028174216,42.100481560252476,33.01996757008841,440.13627225638066,20.004089499630386,2.8019753409636468,11.397896811168351,5.281286029495478,5.993472484426867,5.075106847432351
30.22652186502587,49.09501183726121,32.85089708655004,339.58348762916864,29.084949056878987,1.2986175865286484,100.45073288699307,5.8313009386138575,5.540041954889699,5.464649767633573
39.941281336547355,51.86998221534261,51.03739291543239,330.17324064103104,35.96003574208296,1.8097121747309965,152.4397119540386,3.7919078980018996,5.053174981908418,4.492995570866363
42.01336980029751,45.056398173726315,52.04214020708688,379.3118502247935,34.00278136795834,5.756516981637785,11.447712242436076,3.9769296606265194,5.666389485171046,3.2892438485806763
14.040681589163144,47.90438219364488,29.918638501096634,410.8762340481192,53.178015984921814,5.77683167314805,5.508270308509547,3.6980696749195454,6.054147274244397,2.165288440264974
44.9812643773844,44.122345296291286,48.963509707870635,360.1435295975228,24.987125047086057,2.7341923321331527,36.572043219136276,5.076887650873947,5.966210801134752,5.797781791333773
37.93287298681205,35.786864888487045,41.95987890291622,370.8062412349696,39.89011191449671,3.905207984153515,74.07272676262939,3.7668111529817945,3.693141982621664,3.8280722226277657
17.88624120821031,45.947895836463296,33.964047948605284,370.42180409173784,43.05089077769767,3.753905197065998,10.954691599361539,5.374413119634617,5.841817115792986,5.351919334692909
28.868646686732237,47.05383387807294,34.98010123397397,487.8474433946831,46.04971006196686,5.960270252513635,3.2003426831668023,5.670041052378645,5.541319337504789,2.7576208436545966
49.813846926072145,42.97510511796776,50.83136245882049,428.6292155016964,28.028608323028955,3.9414434408143713,31.618750230406743,4.674914115612841,5.680951261771441,4.807075135703415
49.89590517126434,47.90734366971829,47.078571887220356,498.3650786181463,15.95918918601901,2.902906777454535,8.41515758115096,5.145147331344088,5.874761501855094,5.526848433616846
33.03565824137568,44.95659963742257,31.925510462836638,351.74424924444105,30.914123110188466,3.609647753210278,57.80316789755246,4.408217594312534,5.189406722819394,5.1525168018523395
27.119156439154153,44.1200100334605,37.06402677239169,419.1324412914215,35.942595545286544,5.251695993236796,5.91555855040845,4.37486016285782,5.480382622274295,3.070436076092214
16.852327533478515,40.07851373402352,48.98021295985257,550.9091809511837,28.028552762880516,6.044288743355846,4.445096446074562,4.813151682039942,6.134951544287075,3.7358389071729006
44.876081085157814,32.952723250200776,40.0483591213422,470.7414530059143,23.007413188256145,4.101849513344254,21.200762181844294,4.768985279355832,5.2493029930585475,4.002427648340863
42.06789200360304,40.09425184740882,50.08739475589362,479.05719293674787,37.88994186763956,4.931076845735978,8.660967307662835,5.005161321124087,6.553640830178157,5.653413637104423
43.03069313201047,42.05041500019972,35.96981023394153,479.16881353033654,41.92818926393675,3.317738317709621,3.651680243687655,4.4149104427178525,4.242211652809048,2.275602607453779
45.91410737765696,32.94504150740144,33.03858743887426,549.942469148421,26.005496899895995,5.608849467365006,2.7290142660533627,5.513958583719327,6.186995507311478,3.685839674678211
34.03523089241252,42.06190719674048,36.88533067364159,449.5663726471375,45.12856831793396,3.5979323914574257,17.544052399275685,4.6733718949333,4.497693135807452,4.567502154463495
33.90384797665553,50.03322131994956,38.997362810763256,378.02399371173186,36.04168842016211,4.212199456454051,49.47449402637649,4.674366055831934,5.623399935909917,4.872124205240155
31.97711756522207,40.14638145214595,38.058914112575316,349.4847812054519,29.018902849352347,3.067994194976202,16.76086057840418,5.731820625929693,5.402248919776621,5.3707449433986145
29.85141281623749,46.99609217548712,26.875800711039602,470.21192691406304,38.13639592236398,4.295295929158743,3.1783397193465883,4.355965180472875,5.30030877917177,4.329419298220538
26.06762089689603,45.03883369699367,41.12002967311025,419.88156962515234,39.0150658934134,1.898922012503723,9.043339635494636,3.9042715133442987,5.648326488082213,4.072829115766971
33.29110254915029,45.956959643107965,28.04953060510065,550.2064442954489,55.02130609879614,5.1673874081136635,7.091632790968596,4.828921798768825,6.267240238587547,4.423985742952587
35.84322675837687,43.02767371624476,34.96337030069902,531.275273012116,53.95606151601999,3.6022527238220823,46.66399816088587,5.18577759464981,5.057325779588236,6.4509678363602
36.839378979810824,45.127754344333084,30.992049224410312,330.4053843233835,50.06630205606876,2.0832742511441515,6.068860391014332,3.65417345161747,3.600283682488713,2.496771251866865
44.09985714241088,50.0334489076319,45.950482702339286,459.55950492554314,39.91350222853108,2.413044483726952,19.731034326538637,4.88552998162952,6.052535557591075,6.818804316876858
41.95123648886649,46.04592385580331,41.93463054000412,510.6607062363505,32.94941829842712,6.15351112982977,4.288848880872447,4.207328465999158,5.447082310791508,2.8078430995038066
48.060862700353496,33.00118402767128,39.855679392376196,488.36834723777685,22.044894982557853,6.265995248359085,6.383957730417444,4.50904973997472,6.265537291695251,3.0933038325851125
44.20923714438436,49.074383354173115,57.963562620704494,461.5718003788185,29.03360912994977,4.118524969939637,3.807623962734079,4.1778777375480365,5.041773497551515,2.88091433002033
33.95354866721361,32.92992243867125,32.049072695533205,467.883952441769,28.849978289721697,2.311563205387363,43.375887880404804,3.9828895648860017,3.520795876488894,5.786745886033055
39.91730504624716,38.050674502964405,32.02801681077618,449.7224825871095,32.11912400619604,4.211849905082362,20.728890645578307,4.479891629118937,5.042360269580786,4.054905189579908
26.078735628321642,48.02099693820899,44.0135086154044,501.4861575403429,29.10610475693767,5.037416554753165,2.987293148722778,5.28561541282978,6.39818789405859,3.6279178160689236
36.08869702433891,42.12002759576416,49.91111058043079,339.0265455837473,35.121958087358394,3.419747062344081,21.58389204830577,5.543145879778478,4.297442291803768,4.396259359505742
48.90133923035396,39.19145346500203,40.09087238937483,460.61278473891804,26.896261998251035,6.004133116377123,9.63289622950783,5.2810505147590625,6.176991603764573,2.9311776936234946
41.97951352427126,43.01674144777709,28.955723439682398,449.39264507787243,29.09471960185142,3.924972650064099,26.5241652937441,5.000763597375642,4.449935144130904,2.9722600059472537
37.93187480045474,41.82041677986181,35.04353575472309,389.63146803986785,28.12810946116271,2.809410630097979,49.56628601083073,4.239164490612929,4.5469151697227925,5.172670294730985
38.95373253669438,36.93381845963792,41.814801542170656,460.40148505420166,56.0444883199521,3.6763779402902355,10.316378098417154,4.912713471357714,6.774201404337875,2.7254258195895744
43.10350870764032,46.04904869874689,42.03064585784435,370.10064965315996,29.99709722663764,3.2266196073238587,38.7626374717203,4.310455160002882,4.435598265089931,4.154682625670184
29.899005345893386,40.046740026620526,26.906116429408716,371.0550550240188,33.08717294681502,4.773594554147361,10.217890838099782,3.9688243680998045,3.9475474178105516,1.5091992146714721
32.96679088381543,44.03504333847363,41.93304336571637,422.76281094687465,31.031655008085185,5.321776141127621,3.3461522458463615,4.779247944765469,5.971052146807578,2.1944231594035464
40.08265457334863,40.01185228212726,38.94345625160438,468.4845283030047,33.93379694102156,3.654082882506714,92.67843155572966,4.90677410821821,4.9411480091678435,6.147248095122621
49.92060058246531,41.916033002978395,42.80929159450414,489.6272433575626,21.069831026591988,3.65010766660038,41.404445490511414,5.165533881968465,4.715941192404197,5.39798207344694
39.91031900011027,46.83344446369918,38.958465694272434,398.54033689637606,47.90759623483792,4.490784542639841,60.61399112331103,5.706882046850603,6.045020723081277,6.540629840500658
53.10001414141969,46.991606785077785,34.92056634651488,551.1302032851729,40.997996264729885,3.517692452437417,7.688266957492825,4.916490585326829,5.701268974288891,4.586732887995514
30.86954545178431,41.9734820313129,58.9285147044352,510.2655304414474,32.921101956859786,2.0870981818115193,44.62575956368709,4.9757954374521125,3.6159712388605127,7.151544509284468
49.110306719470216,49.96961000391201,26.050164690836237,490.3320104004662,47.136740861502794,4.4459949542405495,8.271670293803563,4.880162245212395,6.388753530565716,5.120377070283579
41.970658396993755,34.04280995738297,31.976403870404248,380.65656218934487,39.84668805579244,4.29547965606628,13.387536716056973,4.908819152089544,5.654629863035421,3.3360825088719404
40.08545832303037,34.87665207156778,48.03216254076023,540.7018907644044,52.84762071216546,4.631244223967012,2.52816375147895,5.980958818601237,7.081389964476139,5.493369747032949
46.00211079415321,52.96483914270447,51.8955551780938,429.4129575156692,38.89654854979742,3.265119995831915,1250.7404277673863,5.239132177568084,6.416963142182784,7.002985986138119
38.82490852679228,51.0264261674714,50.901919439836426,470.8913318680325,22.982486123786018,1.8057905352118642,26.916827421405888,6.001226075403408,5.997720123713227,6.019315005760697
29.883257401023297,37.9925737952792,34.189703790033974,569.9093129686615,59.04639538700583,3.7471338548592534,3.817564919199573,5.963280904456965,6.635502355926702,3.685474890431657
32.90943505099783,21.010433966578834,41.01836666873999,380.3638883153357,18.027473362673344,4.641694107002391,4.509472281551015,3.393873115677765,4.274188723859932,1.9686359337857844
38.12194155817042,27.06711097746764,39.15919692231174,411.01529838661145,16.845900429545008,1.3591993909097457,150.5962115733133,3.223711792037179,2.323823423145518,4.8705349634928
41.04697810928917,40.86005792780823,43.140355814121136,511.2881796034295,49.94997943409685,3.860752224751937,7.447017903082026,5.9424305558360375,6.018584739816116,5.5398594195468265
30.084057906099403,38.9650911529128,51.00273088594202,389.8345914503124,48.04348740564977,1.6299684930192269,30.799332402603987,4.773442745553219,6.619121178338195,5.648240837399304
42.87047729613356,51.00610957927931,51.92815696374852,518.168452777886,34.919038013367405,3.978162452659485,42.90870408555397,4.6759232019257695,5.846689009921765,5.062758754723413
49.87684139504692,44.94152704816725,46.947597470319344,419.76538790804386,16.987816438738182,2.740386236493277,17.82770454119201,4.061444254436196,4.499537243877017,4.426011501948367
42.89971015474968,49.01412402583207,44.93675659317369,430.02034674123985,18.93838686058381,2.687506484551552,13.406369958468474,4.4865964577509185,4.467312788914599,5.2965067490605096
40.0494349964826,43.02901218686269,42.13675899177966,388.78178324907276,27.852086567051906,3.831800332136955,6.795167735819659,4.46473882960689,5.089510030878336,1.429509949415633
30.070019957542936,27.175654961284557,44.17078668998679,509.61114891035214,47.24691253054024,3.1509260375687678,17.861710826772356,4.696573275447693,4.605753586557441,4.774494426223309
42.14238017912411,47.00469393651088,39.07542146236302,439.3385577442634,27.952672631975215,3.6281985245668777,10.824496348353417,4.650581631310238,5.133296456986587,4.8772676707054785
42.92236720031335,41.02142042290774,46.93575215755036,440.32239322046155,20.04342022577183,5.513322492205228,2.8477255016696765,4.550211247603405,5.6670134115685915,1.9919177835119064
32.98267015598386,37.05479870137462,30.896958328950717,439.0002686677795,43.10235009360978,1.9529652101007182,61.555874880716274,5.0541441291683515,4.507050118944308,5.569093384722618
29.0542130381526,26.088223699074266,33.96204959558963,479.1055458503243,47.91796725781365,4.883956554551277,3.257445549030296,4.30840354262739,4.446792449015387,1.0772622921377364
48.09853137553483,37.91469296616293,41.05907156132896,380.58981684229695,23.074946344704276,3.7226018022914134,14.452226311405838,5.208298006555176,5.477804890754761,4.2568798119804825
39.08706448826386,31.91702865503069,36.93761547909452,439.94424281267607,39.9619690052614,5.79030010169707,4.280066163292789,4.921925465796183,3.988970212113752,2.103506301110081
45.08341868602596,47.95098434283083,36.03017397460191,509.7727203587809,27.05863768066222,4.519729978631621,11.679404869894592,5.019453090718189,5.6107835396450545,3.0530500815211954
20.917467815299986,40.89942371523492,45.85853078934073,449.8693863739861,52.03182800488131,4.671032629273879,6.107351068735495,5.251403090253357,6.112498630919019,4.586130397947974
42.98969404198584,47.98029224579477,49.92281981791423,410.82100840531155,47.01379089093353,4.093766795372939,48.4861719958453,4.483459805805781,4.531808006659446,4.3253757232380385
32.023257444005615,45.92197961139502,44.96343475433188,449.90743333524676,56.10327665409278,3.3536443342265057,23.229905819163665,4.138422721746715,4.361788995040214,4.684881198092866
15.86392581978081,37.03676868110191,51.936219876895144,359.44220512761575,45.0079023952011,5.872015776902889,5.9242152567956925,4.4399320876722435,5.322321474130388,2.3305940851851457
47.00467044217684,48.239657020124,49.11740041208789,420.961306347354,27.011967525337738,3.065185520843828,14.580370985904873,5.720293799990665,4.454969575307552,4.546849518559577
38.001501900192935,52.17435172537743,25.1056141267054,460.40841335168585,35.13503720470315,3.2220521411910195,23.78990529853102,4.780188836306156,6.242633821296502,4.032948638125677
34.17421500456929,46.041248103363515,41.064938986917475,460.8121104804843,44.029805984344634,2.814855730037763,13.704095136449078,3.8180078015821652,6.393419921200922,4.297721187405373
45.984473297190746,46.09324181077691,41.076031831452845,399.8849031036395,27.93234646000274,3.9167417317470163,9.841980505529532,3.539222250726462,5.271237796989467,3.054443927745007
32.85049846975964,42.020409626057386,41.874115660662625,389.5860841274649,41.05558731637738,2.095909326952142,11.125085491429651,3.6385579299583624,4.869343463049831,4.702331040553842
56.15700924646002,45.84149965805198,52.98470437452656,470.06177314759566,19.918210327617906,5.628244687099956,11.036235612595297,2.780433788401028,2.4880390074282004,1.0764168807993766
31.857465455019586,49.031474630416476,41.886062305072414,509.7248233804689,42.95028474816682,3.994710689197253,16.173890362590804,4.745524808171144,5.088669796118721,4.732316518190655
25.080396354316413,37.97155401466451,39.07911281012796,299.7266860979047,50.04233772026716,3.3768447195943923,8.49454524629086,4.819009218124399,6.106270082234341,5.655984140374515
27.997432153912296,44.915088563338685,52.01965185671188,379.05104604687523,46.98404404267891,3.546993593012317,40.76689466304389,4.643042815639522,5.573749243589276,6.522685911876331
28.158114700297006,28.024634859191835,47.141155524928124,411.33795505501485,13.074428142499338,6.8342489682597325,2.685549677560435,5.370471672800259,3.91001895512204,1.2037895630995332
38.97622272126489,34.07704756346088,39.979791578973796,319.72874032659456,38.00305281834209,4.3195992306233855,65.60668404957357,4.677998079865753,4.329088353863548,4.731820529750378
28.92953829233224,44.08973090676473,38.10338970267825,521.158596546953,52.048712565265134,5.825505384507897,2.395953278608203,5.4479791903793515,5.026661319195144,0.9579838768149556
51.08801062996405,48.07718968746913,34.05144863039699,379.7826646850722,24.147428797692754,3.545035731717587,7.159757469157108,4.6581822510780855,5.6213780534695275,5.567890983784762
26.868813895266225,35.13992244586669,47.031865461618565,458.94176872543034,45.15432085016477,3.430141080418864,31.587839537453817,4.8021204912204,5.107584232434891,3.9160355481034843
29.01703260926874,45.94736596676589,32.09220316890985,318.7425517025289,47.027960299420315,2.822387514589721,46.95961468883203,5.05630936084424,4.911993706620332,4.224714585024944
34.00154193329869,37.02847403122214,35.07890574297751,440.2707210339041,54.102705149778906,3.5226284410714954,2.5937618418952084,5.7605848893374265,5.955017319401928,3.607567984460784
52.19732640272594,48.89575951413187,51.85167840686775,401.4595884734256,22.047501581214213,3.1985815111726628,34.99911588492588,4.893527493385437,4.791637784437382,3.561875496844679
51.96758063494242,42.93242137774482,55.214726145590085,440.3697022712528,23.929295039447336,2.7851077370337194,12.724228974848353,4.474588233416344,5.361988850679407,4.244434438564564
28.89926691601418,35.80989549159455,33.1420473707341,450.1881681683158,46.89416178527446,5.764103860391144,2.940875951989499,4.995204129774424,6.054109412591754,2.666386501030374
37.94441312102016,48.962854326940864,32.87858026980019,571.5318518305888,48.143970004538495,4.1832459796941786,3.3576970191316837,4.831291597805864,5.615824138591594,2.439305881810281
48.86124070410376,30.041578744282358,36.02809872007518,481.30488673987,45.96667594325509,5.144486150629375,6.890165444342758,5.972561585267724,6.0343935232374655,3.66466312928396
43.02959016878794,45.000149964957096,55.099108363347,500.26825015850017,19.9372053526348,6.514949125610696,2.322431325347666,4.923789101744934,5.666773140866902,1.812432889887807
35.95378739160913,42.82507758955155,32.166633871848624,469.5491614912253,46.85856825543077,4.033462016608374,5.743659571997032,4.884692840874804,5.575511195733178,3.924964202337846
43.906282104201054,45.91895021834406,34.07005703525556,390.4523804433708,39.89779028620406,3.701542667799054,19.974333028629715,4.002304597711198,4.2809786662833655,5.171026911074902
43.97749917831336,52.21452404725593,55.00365836267737,440.64030973766,41.0846805011922,3.0114216687671145,16.922611609184486,5.657011767972152,4.8049200881452325,5.334780275148144
36.874533024146345,46.21341886452121,40.91052276855816,399.7271254945922,33.996750326380514,5.151873710486684,6.338256470247222,5.140815962122605,6.193639981587979,3.4668725076422704
42.86216040517333,36.7924538467477,41.07559161734369,409.32334332119694,34.30138005505098,4.260520978932957,19.982013356858776,6.006144917383512,5.534331445486039,3.991971531890592
31.907318712709294,52.08712996430151,48.86535538424488,289.9831104583138,54.04611238181947,1.1032668447861682,162.68413631109595,3.767452399947977,3.3253485677543666,5.6947791511090315
56.81663554199871,58.9628927748667,34.01593980365069,519.963255957531,28.971411968590232,2.268382940040864,6.981842837915515,5.247303272185501,6.069069315879389,5.4501962810674405
46.90117176569936,53.92996906471999,57.12260944296342,481.45317964376085,16.966757116831882,4.082258141525998,10.227452368904633,4.911858926594333,5.435854450571096,4.366759584466597
39.16872364646028,49.00191684292022,35.990096710294935,430.27429804885037,32.134654018779194,2.315852012272562,413.6923188845682,4.137076670567674,3.4245410343682052,6.600491619785815
47.977208150273405,50.81367878161764,34.08421086711676,527.8592315151651,22.05919281636084,2.7590315670304624,11.182326060172242,3.2134916936573763,4.71357772393865,5.546578739206113
39.15418547293781,58.12007827860918,50.02826822673993,350.05990556692444,25.018851428999014,1.5637924519442696,46.392329490707425,3.6260385079717734,4.883884330895801,5.745683397876053
29.10824992738425,47.06518057613852,41.91965029521991,371.67338899686604,39.08178773139609,5.051505000691983,4.605401470442822,4.313659823320741,6.127537619769764,2.007971551572736
40.94544617977333,39.985182988303045,42.20179113006933,370.3777862054853,33.0663030183552,3.874609797573107,41.01270775330799,4.6730518927830875,4.420162380248413,4.32959679184421
34.11586953871485,45.038799065731,46.88942962379314,492.15111402974264,30.058935663822567,2.518643521973869,10.925667723836975,6.071448682312831,6.1425104217274225,3.1944227894582875
14.08050202107102,32.089041530097624,17.029487651098616,360.3490715283198,43.94639396987527,4.625903671460712,46.01786798113517,4.020168289092538,4.86530167101409,5.338972777909853
17.11988501517893,50.925140012432315,46.14009335928039,387.2446574847977,34.93052202501204,4.702410453752608,5.45510845266991,6.718240620475651,6.067456743747046,4.962112346319571
31.065893275368165,40.08241636318432,55.12499738460324,439.8266206540867,43.9770037664859,5.184870063686235,4.202432852394899,5.233600623025327,5.933785603987487,4.092595506113439
50.095390117534045,52.02086408170294,46.967591788320256,371.00370697764856,31.946870573662217,2.656407302890955,11.768144827739539,6.6075217045729975,7.139185286040768,6.301967414889379
38.94932490674393,33.023317591366784,39.14759668555445,309.3439914924118,34.968564186896494,5.729285597975512,212.32097446156536,5.932082536098113,5.197689329372494,6.010416265438826
32.01475101979498,31.829748246107002,44.028860897729615,429.75175621493077,47.047684413005484,4.829144351394004,14.902349234332656,6.27430073464947,6.533788355493154,4.044322105040917
26.104554797855883,21.15345524367951,25.237166240136972,558.608230135815,55.04067014914257,6.201991463610044,2.794908610939145,4.4204358986907035,4.57483771963478,2.554813865335331
54.965970262321505,52.00338921304104,36.13059282821901,499.7514414358684,19.137338114388946,3.986151122184841,5.826002665206021,4.469319966239728,5.003193845629981,3.7458567615490455
35.67654358256539,41.0260925054283,39.13037980546607,478.692426829681,44.03410487263613,5.66778724558242,2.8081655383933493,5.654945458849174,5.572232337568341,2.277433927825556
43.066431142705476,31.94065236911638,36.11381850282758,481.6995764720829,40.93987489381401,5.759106733214752,2.8512228118965153,5.398920900651663,5.546762258256261,1.101344977004969
42.86107075459601,37.96711991194872,52.0227482061285,390.1973090854671,29.755337496496235,3.7629548458524407,15.288192941890744,4.712814401496096,5.686834390456313,5.290097077200965
36.0367984981476,46.8680003793585,46.22525400863501,500.6115085464771,36.999346075123015,3.6420116384321393,8.237249490128054,5.19610911334078,5.208950775112396,3.9623197783842823
37.90956247343411,51.796282693684645,52.0928693668666,470.7110980180898,31.989231106214664,3.0829827052080803,22.994122202010594,6.536263354091839,5.700787598060316,6.53546369755704
43.129395285335974,51.944239731973305,55.994510453421405,430.375199982212,17.110898833780716,1.773860360074496,39.98085674254632,4.679436072980252,4.30393203725465,4.506522682970087
41.064088930201045,35.88955271952725,42.137176781601,530.083458826482,26.95811958478079,4.697462101239501,3.1630392716822167,4.895807767787859,5.4120677236383905,1.7565033019495975
42.965119873329456,38.131605785386064,48.11373841266049,369.53416883912405,19.97384765731688,4.672436880077775,5.538781174835107,4.815622438866486,6.164419444849621,4.97354911439095
40.935772669654945,43.95525613925924,43.02040571221726,430.2989654287208,38.905643822856085,3.342494381251984,5.394924739323231,1.3045120821317977,1.9054084427262878,1.1536230837486225
19.931276485351038,42.04659184711881,37.067876849088165,321.73682027425787,47.078166401294446,4.45109489436799,7.946303445819923,5.395624781238891,5.37809991850161,4.9041476508371415
54.01474571231744,37.02498971856082,33.93019871916862,500.10561814729294,13.112398415901929,4.384969104228257,2.9837428168715663,6.656081221093804,7.0007963356962675,5.617549445826847
43.015575397651816,32.09539245744655,45.95445467094545,429.84563440106933,31.016893949699224,3.554828681103955,32.5340381513233,4.41689191325385,5.119635884457009,3.9882604799425914
48.98900071070843,46.9667666365489,40.05604415400889,470.66184490246906,24.993815179507337,1.2898695308419685,82.71526952087814,3.239684578407938,2.7112590076459178,5.955415010663909
45.09308671917467,29.108829506361594,47.98297578298908,449.9644652679824,18.097895158503267,3.51085295945855,26.257491915040152,5.450435033384528,5.9712046384419315,4.599208573275502
36.00465983587879,41.93047266166145,34.026234534873204,479.2283571855873,43.77629645397647,4.780724546154692,5.193376020622576,5.209475662188382,6.522942888934548,4.691091978804182
35.14833032300504,45.99124975173617,47.886028981638376,360.0580665398585,25.8777229194456,3.4941771650764704,32.8390780444344,4.948604679216265,4.8797794589905665,4.402779838694325
44.104723680151636,44.94167574889572,41.06426309175669,500.784454448102,41.02053035190646,3.33835889764305,9.147552594311536,5.393628564117572,4.479392639408527,5.387124365426229
42.9345490023273,51.074148713106695,45.06385690250709,432.3835015248386,50.98736151178646,3.29166257548939,12.33614346217825,5.630787377351652,5.464974906032691,5.0535346746484615
36.05345862473276,38.231347647627494,40.264876046114274,431.3534644298027,44.94976634680985,3.7891748171133495,32.3503726419204,4.711527912868787,4.806210878679736,4.61243829610815
21.08886259398201,38.94162120850189,39.82946548573464,512.205310740684,42.92005555750518,2.7913676139191033,17.252836983694838,4.289452424035212,4.823549746652464,4.161232695529768
32.98145132278821,43.011419755836314,47.8987946023276,349.6410101240867,46.049785839744025,3.791558304485367,26.177926348952536,5.836826477166773,5.760290274863197,4.548894680013484
35.84247747526085,36.04880737620994,41.02359356381241,440.0672989323459,44.024586376719526,6.113388384872304,3.487439198942379,5.033487248198411,6.003773066455332,4.6909572858950055
38.91029959023386,31.852846003824542,49.02485596898144,409.5880198957899,32.97175984472488,2.315588106232745,23.28221558389388,3.0180717109283237,3.1930293745191247,3.0601562708871985
26.8865185607172,46.89717916864988,41.04750548522804,498.935686973662,38.94646194119869,4.878640696892916,9.878085548457213,5.656316923864512,6.074123247708673,2.6646139288572335
21.0321375475595,26.092092752753413,17.017384591395327,458.816994156196,60.03033879677898,3.684211933989599,8.029148550814584,5.676030362507975,6.359988281561484,3.9196426434042437
27.192101720479993,38.08707338398103,40.1092450281237,498.542687839047,57.03981321336374,3.398787516775477,19.51451828799759,5.030338599575264,5.199485529461285,4.9256514611510775
40.041187120079414,52.054406132704905,46.098559954349064,431.34394447799536,38.023943924107044,1.4767913638713388,37.88172142931415,4.386962272043432,5.258363393637772,5.81314236335964
42.027941917277985,31.844954925317666,41.008470841009775,478.1272692911736,22.028649566326663,3.2461458286374065,4.8049493649312085,5.10326728698292,6.486218459132821,5.043497173397028
24.91303763672819,46.01114922697751,53.971596438778825,478.61630029124547,40.20783708709628,3.676090262723539,4.640944046167415,5.932945151372506,5.144697841408122,6.367969144406312
48.990753032050215,46.9225577997888,37.90623249469648,469.3181007705489,20.091333304558866,2.877016148509913,8.970666332826259,5.620539832128127,5.668638470743595,6.494143742668138
44.978140650990106,56.07071779962493,51.874093776226346,490.0637149993252,23.886541768742887,3.3007899757068695,7.460388965213366,6.616436869025705,6.673773424035916,5.207514030985679
42.94846038751111,40.09580656171614,30.019308206751894,411.0880990647899,35.063172721063225,5.984214225845531,2.4548524961125686,5.379270882642278,6.395287074242979,2.9464211782021374
43.956541401440724,47.839770744758226,56.810335453799105,421.69322556834084,31.944211991982957,2.7382644358113457,5.420120772139176,5.253510263408522,5.924055036467852,4.814913072070091
31.95577451009065,39.876332546275044,35.83865025176617,360.23036022211124,41.02037134554992,4.3940151505525495,5.179248508356903,5.088324550024813,6.665985118502391,2.9679273794606504
33.049347459940535,28.042602919895003,45.94931730912059,388.7012670246574,48.174981248877685,6.206221109421303,4.295718161594317,4.200400105769705,4.2164402031126125,2.848792847853337
20.933265520225525,39.99280573456668,43.005871496615114,350.9051152370621,35.06632984302022,2.7675172546309015,18.11912576566139,5.333507575470863,5.971353115314897,4.356370669785615
36.04507567691316,43.04280778165195,37.045865483513744,470.3085765333353,46.003023437044284,3.999517739208573,9.039003991183357,5.544138506077125,5.705935541454176,4.174869360289203
38.75156384132366,40.071530108616926,50.0237524266864,289.2575408071776,41.98696919575144,2.875388645269173,60.623294668930534,4.925293838880052,4.853235169310459,4.776258744634525
45.918785581679174,45.018121802066176,45.811326880572146,470.10649426282475,23.16457328776202,4.6442476390146705,4.863468101198912,4.488711443461271,5.765735073643793,3.750767528473603
41.0292275241588,49.94782088123224,39.931134963764755,480.5317324509235,39.99771429479111,1.946594910667244,28.30110891986768,4.564434891869057,5.781544443257227,5.501615161963125
29.072423691765565,38.031806026042766,51.158672223772875,440.12109812663454,45.06374668817726,3.9699533670022937,7.9091056810658005,4.976126408793268,6.4543723310618475,2.418271293191786
47.07833063641051,30.106544767770824,27.887312565176032,388.79404643631,17.066477178508666,5.543764911098929,5.286410706424258,4.379798666639425,3.5273970706406375,2.121802451314965
46.016470965579,52.90822062318561,30.039794575978174,568.8599938003099,34.96130782763144,6.311065152830539,2.5213533202605327,5.102126876274849,6.833410131687136,1.6834521050836415
32.07910967883054,29.725008356714863,32.8892035923322,490.15321563820703,54.96738306834584,4.808237897401643,7.366419894512393,5.426194033522816,5.981855706170577,2.92496146549447
25.158276673018616,40.07766220907908,38.012817229712574,479.35963715284294,52.971698834668935,3.7053391531244415,24.450808724492227,5.736094451497831,4.789394464748534,5.00620867269764
33.99118787702574,45.035797649324344,35.02635198754156,380.5555343067076,38.92189542830372,3.539285622051097,32.80762669367321,4.566536562252611,4.661692244560016,4.818545845710307
47.12786443119086,35.03330656138071,37.00037959198789,310.6119093631617,37.99835344577731,5.150156625732045,17.275160105760683,5.085285215858819,4.070542946679243,5.044792693676085
49.24297023203253,46.976359669911915,48.01293182669573,447.1016127100761,27.000019662551612,4.302687993407583,4.323541484235387,5.589863410232489,4.919038621324956,4.487003067757484
45.09866292566968,42.8844964495899,42.94535804625161,459.7687765200945,22.81075460324977,2.875849629316667,99.02421839108197,5.342765701846175,4.5167181427669405,4.701233261739022
35.94092703920837,46.00261454570632,41.01197847943702,328.1752426025714,43.20063299498339,2.199548236752912,22.534331087517188,5.341466636821281,6.00012340381704,4.8139060987616515
35.78686322700856,47.930661115063245,25.027029439981707,460.9201655731875,37.98118253693731,4.559640335295842,9.016062590902209,4.666068887699145,5.28350104824949,2.810118067244403
39.022958267031505,32.04827970794023,48.07797369123391,429.33923724500085,43.01513660865573,4.661956406530453,40.457998779333046,5.037095493590237,5.7363661367515375,5.865669383379286
38.87265613140461,37.97870573921084,43.058523698687736,320.6025382947844,32.92897766412735,2.2274200948539593,13.433796325993217,4.3086511476376295,5.119043566681003,4.5429364030793264
34.99345203841241,48.871027021352,40.9289018636858,369.8708308538653,31.05192993725037,3.6287838280551563,14.864454142992585,4.977948432227626,3.9666261502300855,4.9367249012038155
33.97020016687759,48.982166099624045,31.789545502263117,539.9585778388424,35.06208470218584,2.8066041189622197,8.334596454675802,5.39877224503619,6.2991139784120715,4.315126667795647
53.10519752181144,41.92870036100022,32.989633975602636,439.5084274069796,20.10960759049205,2.966840378008955,13.308142527775665,5.381126940640521,6.006738792575322,4.858360829332177
30.199269077651056,48.836752279844866,32.80992489812178,338.2842464840749,28.928188113532592,1.194468068719777,105.243299450106,5.66958322460622,5.5432355556923705,5.402655079825043
40.038674296022315,51.95328895024525,50.93447807350989,328.4809163224917,35.94924848189778,1.6889334204492323,159.7474110265137,3.8831100234333173,4.989166038882549,4.396319973248976
42.125034010359926,44.95096348231711,52.07285606270469,380.2468669304509,33.85472438696858,5.47519467433946,12.05020892166646,4.002752520119252,5.859621893284318,2.9524638865994635
14.150356846513535,48.04035440900259,30.022455405060125,411.01651341441107,52.864810897108725,5.880600322068847,5.452546494620889,3.7342440783596067,5.96981140528239,2.1694213892737597
44.673979645789544,43.936079640972586,48.875530521929925,360.22046652490553,25.252590565285534,2.672270399162559,38.77605169107905,4.99486035616364,5.939585527677435,5.783470092041576
37.98045427296088,36.20067483195509,41.747100596623376,370.30289861880703,39.94045850304194,3.7710528507338448,67.34713618126426,3.9149500002480684,3.820798071295971,3.810136337795841
17.987124267525815,46.055482318560465,34.01291521121868,370.0223446143064,42.970341805315066,3.672931835576384,12.65435598247818,5.651785736411227,5.744110054247021,5.319033269532614
28.999877264841032,46.922216479084334,35.053696796929806,490.1991052385084,46.0042344886239,6.041798111879832,2.886824591377203,5.815302724655757,5.845467529185519,2.753982419371772
49.98222146490648,43.18374117348874,51.23553931536497,428.25020006023664,28.10597245431932,3.6654957450356984,35.79745779837723,4.56881995362085,5.34073818074152,4.792732469225935
49.90648009886455,47.96187843661611,46.941096466113876,501.05839767991677,16.058112100024896,2.980998636238796,7.9848388192283055,5.072768230350954,5.834391162897247,5.4773715916546335
33.07397398332424,45.020957182792756,31.764423019524756,351.8897282577178,30.93962765687484,3.786651982113191,62.44075688545478,4.4016836410279865,5.018361405231317,5.419931819960038
26.962782509980222,43.83961682072906,36.841022242465215,421.07532844334605,35.873481022319226,5.103300471771666,5.788304556044346,4.547871419230045,5.509828939515487,3.2118728305092854
17.082692071876487,40.05834353289042,49.05162554552179,551.5148545482634,28.20033910553644,6.078127371532627,3.926340801376492,4.56207029820256,5.799619506077162,3.755716858436388
44.98032533722445,32.97940828349765,40.11358436053715,468.9403521248055,23.16080901475048,3.8506141708498682,20.267329448246638,4.664985261393325,5.186343084327298,4.042570105902695
42.041787636872314,39.89080530301535,49.82506603332151,479.1182119539611,38.20679365680642,5.031770132518894,8.106477588588676,5.082923314481618,6.493352447736589,6.032589815762496
43.026488499079434,42.081499224261066,35.860476182019916,480.0897342717657,41.973266773734,3.557229079239209,3.26241656291676,4.4010789206559835,4.360550818295816,2.2420598139958092
46.01398272071953,32.99970126109082,32.94047160908828,549.2460428825175,26.075289641915816,5.420448632504862,2.6976946138459197,5.7528463758834665,5.899130948030626,3.7454287533477184
33.92519149957645,42.039956588577645,36.95583875174234,449.6138469201213,44.94919830675669,3.6915199709881295,15.829486227869642,4.832230400802917,4.529700662685955,4.512493028882014
33.88293313910436,50.0238760860465,39.056841196132865,378.9939228682028,36.091730318404046,4.13187179550055,46.30241121696877,4.943727135802793,5.725067177012749,5.130115286432121
32.08986814886746,40.099804829933376,37.97378952165276,351.83570525915525,29.078091309782778,3.0216803979149915,21.205577460293707,5.506462481393352,5.438302809873343,5.138441810918566
29.910174411923624,47.12865045543996,26.84479277803084,470.3295375999186,37.97963847719818,4.391578335504394,3.0087790886674477,4.365371374123247,5.17966556696638,4.280851023693481
26.15214641222922,44.91208235116485,40.990165127808574,420.3086986308395,38.95174129828317,2.05501580704077,6.860167627013808,3.8324767375279745,5.821603702720809,4.27998809689235
33.127764590517515,46.04178330653504,27.936829298354986,549.1383140386406,55.24875425991689,5.043896541114362,8.295747367740328,4.853621923346895,6.142459561340509,4.53614011655581
35.93126125466143,43.08947138010863,34.94245884853334,531.051873571708,54.0521428131145,3.624546445554771,53.36278739585076,5.45827220228967,5.120968938430362,6.438239593202657
36.86789910811444,44.88532876238124,30.875591133746582,330.8392220392494,50.11288879856214,2.224851086620356,6.139590072926084,3.9388030166254784,3.3265564146581075,2.738563660214414
43.91617011209021,50.114191891499544,45.978311114961144,459.4863787452396,39.99732393703426,2.396853579665073,24.623792048983184,4.979518112046976,6.37454974255338,6.973007247839737
42.12209997728705,46.21397431955264,41.8634198319504,509.146598999813,33.04215872894097,6.179189406485195,3.8098242755087375,4.0339200503138395,5.488069810494711,2.762306739092785
48.185933119188704,33.03732276084864,40.12393877859669,490.5616068462772,22.07108553620787,6.060840482144836,5.883285207868642,4.5859932590227555,6.336392091446763,2.855350119972411
44.08216927453216,48.97175983241678,57.92842870662882,459.1247409194605,29.0616770686315,3.79371864845114,3.435928762130569,4.334365675617602,4.868735388767624,3.0957779840678357
33.98699850804079,32.88939502632302,31.884936957480868,470.278858655734,29.002375840304506,2.3116783598273876,32.659139670083434,4.2040719701837705,3.3918870807399677,5.8167359382866355
39.932357571268184,37.956848886854715,32.10327135968611,451.1532449676011,32.04454930110881,4.166413480465346,18.335922698263612,4.2999942747852495,4.989960732361645,3.9979211818801446
25.892167606885593,48.13541937966174,43.8573024323553,501.2084021524021,28.859362063193316,4.62300870558529,3.363287035884604,4.885329502404757,6.416037486529897,3.6714186376741123
35.88972757977195,42.0498130214437,50.0598191042156,339.72853131004285,35.149659308058844,3.226253575716043,21.15751771567273,5.579122723203608,4.060578520853151,4.476144316271049
49.22982819415059,38.99569144895012,39.98415847311711,458.5508822486287,27.065157256359292,5.8402806614416996,11.685914745340206,5.283761439662721,6.151080655048161,2.654889924077684
42.089775182556124,42.978907167503316,29.051590066058328,451.5241039311467,29.030207424608577,3.9722762070985813,29.318385223239897,5.164368949754359,4.542724804355958,2.881266356187717
38.08435477725496,42.064386536345644,35.00999287196643,390.8275436149323,27.8121620924155,2.8488577467875444,49.46166973096715,4.2862362644598235,4.446963257550932,4.975727390016575
39.08186542032511,37.092104086666524,41.780325832297024,460.3468673006956,56.18428978073722,3.578529287360838,7.53363872678324,4.986975219885374,6.818574108375442,2.7834970336310247
42.749846595964996,45.89398286102872,41.830115879912924,370.91707179359776,29.800153733230264,3.685266679043514,40.85890548836386,4.210086667134394,4.387199253949817,4.121259641763261
29.89306048892224,39.98994745958702,26.959507524522593,371.6878880733327,33.04988822469215,4.786398029124651,10.326721279307542,4.173697076797886,4.020527470837392,1.0688902078780638
33.126831350108766,43.95447838185518,41.986894591046266,420.45546987770683,30.96933409046866,5.654291891752041,4.240023630199658,4.385547628012577,5.856961952572527,2.471038356432321
40.080893799338334,40.2337931103442,39.04595896166393,469.40689421087626,33.96875776905742,3.6696544223714826,113.08897598878686,4.86516540144593,4.726194706704003,6.000131614727795
49.983859496606726,41.95003995882235,42.93246352078286,489.15589462179275,21.04996836395917,3.711694946995896,50.095714792724756,5.3663027215062655,4.503485683287385,5.3680712441459955
40.043288994884186,46.87007143893687,38.89176216741864,399.08749995547504,47.93050750358993,4.53150054925659,52.86756725142658,5.803938042323874,5.981768367040656,6.703850650528529
52.99820106817153,47.06502758611769,35.10087626818613,549.827337016126,41.07606158186104,3.71403586128228,6.959576564099201,5.04546245738185,5.661720676175338,4.543665373854598
30.99302205472038,42.075886123249965,59.00043031624999,510.95644513062183,32.89337828738053,1.924840280602831,38.15805230007834,4.706547516587357,3.610110807140701,6.897247605398497
49.071963379570406,50.08165491471234,25.932424463081453,489.78063988256616,47.22290421482769,4.737231582481743,8.62071708357632,4.689675571405594,6.3822975073627735,4.955639707324456
41.9276374153859,34.06661597658705,32.12892810897616,380.2736513900158,40.036921844733406,4.351122410387104,12.64466921100291,5.206572203770734,5.804516564286478,3.4284129072096117
40.069539565245314,34.82047098176148,48.079602140942185,539.5637652804,53.091559007158644,4.638209376388491,3.005716018525686,6.143096704369022,7.0452946234075355,5.227858397293082
46.15951165229038,52.91531283522211,51.86703564789907,431.2501690989623,39.03179261398016,3.056801118304012,1169.1418743135757,5.190832122849643,6.2698079661674955,7.012241066357426
38.93967639560717,51.08153621133456,51.03982744116353,470.58832395916784,22.884917802287,1.8872410278035525,33.66230503796597,5.9046676789004495,5.950155331577764,6.0031114561198615
30.010512864435984,38.06601566466567,34.1033595747092,572.9576586443907,58.9060911235193,3.6000196460950553,3.782197669688712,5.711712091252622,6.441063955540328,3.543540058189353
32.85817184526204,21.08422659859456,40.94682467833111,379.774932951811,17.88693161646472,4.5640445305754325,4.22852131901297,3.433959098637542,4.206290529455292,1.7188444100286808
37.88649416174946,27.184628682294466,38.85106405906241,410.26807931112774,17.130107711107115,1.2224266027257111,142.4833846392214,3.170238934682981,2.5429143653407764,4.774065702639097
41.028123604664344,40.97115939360444,43.2129183155996,510.44448660513723,50.00096280120029,3.9345496424450825,8.106754400529775,6.0965015407664,6.0346939748723365,5.544069855787677
29.891704827114488,38.89084794559107,50.81125005882734,389.0175598853224,48.04031691846733,1.7603545066105286,34.703360523476974,4.60249621518635,6.4366306096475014,5.609512165565853
43.0476080727998,51.07958280165373,52.03706686520306,519.7093828980039,34.93230547341249,3.7045479647855486,46.231541830044904,4.592582375072942,5.767805734950528,5.188300561289282
50.1525201707961,44.925020467885,47.01270159909606,418.96243503447477,17.027825359132805,2.6773766150956035,18.572338315882376,4.16810922802497,4.369535752291522,4.234151111330696
42.96817878876081,49.09750819894766,44.96247918525806,428.36799264591366,19.023685758852075,2.673661783214635,13.622240711771308,4.425950211273559,4.46145814101531,5.300417274364289
40.15509467877868,43.24282993150059,42.03371740640047,390.54136480656047,27.90086384684706,3.8267098408672853,5.516932274274906,4.442321707772765,5.132902967489488,1.7586969666523533
29.901281951553525,26.920479717847044,44.07656632526563,508.84749003726176,46.92628290326979,3.1764261565229033,14.251671237423347,4.5130036317703155,4.789112374102403,5.007096399197656
42.01995721168852,46.86726833749237,38.92419781887183,439.1457572768383,27.898737889783305,3.640260606013376,9.800791658491672,4.85757483358305,5.247767122969586,4.9912414622490555
42.9815737760712,40.992942153245316,46.964003126650574,440.93562057891097,19.90848222019126,5.544086934040711,2.829737983227296,4.5072335664234435,5.437068509258635,2.125080180003184
33.03791268510084,37.108659006980616,30.97327693303573,439.75342231623955,43.094390440999895,1.6726308055299413,65.14128657671345,5.1325094876492665,4.468033891711891,5.24844130988291
28.919356415660065,25.943375814896097,33.931610895308104,478.9937979778456,47.80081779855348,4.892958695685717,2.269035948333032,4.274401745342274,4.555858771309557,0.8013095766911578
47.94512368137998,37.937227539209815,41.115217571620825,380.33082997565856,22.971194279653947,3.7775699161908047,14.624138595197218,5.271791718144257,5.4660983258399956,4.2863437811968
39.14969978768304,31.894568259387288,36.89138257812701,440.3210641680659,40.111838971702355,5.773364895650172,3.713676296181364,5.019340466288816,4.113794554376742,2.378962949435765
45.03491011987818,48.07769492884095,36.03669054130504,508.60582205731424,26.896554931446044,4.374095616815028,14.256282152614009,5.200119533156797,5.603000557727365,3.1609253643614297
20.93826164569003,41.07557379763902,45.941639967816265,448.92843512585955,51.944984895881674,4.640265482525779,5.126894416149713,5.168715597012755,5.931311615412386,4.56502231865019
43.01499100545097,47.959631038942554,49.97481459042236,409.9565062977745,47.06760780771234,4.154796651457734,45.96177178067324,4.517632095988116,4.659365554663784,4.148013803119314
32.081208907803536,46.02789315697215,44.87994310752197,450.70906398898984,55.78271296650079,3.44683547578461,18.816028195696482,4.3823311618647125,4.537925300580528,4.660347187371483
16.083319787618795,37.00812398220873,51.98392287917993,358.3161630140072,45.04483512419125,5.938622644245507,5.392978951002024,4.241910959439897,5.374740212943671,2.178669776030609
46.863643692678636,48.069049788197674,49.02032072204653,419.0190188870042,26.686054256559352,3.0953333384072512,16.032891288476847,5.7167543168245905,4.453421594053942,4.475406886443973
38.203186916195406,51.872404402870394,25.17972069343612,461.49062449303364,34.74682137229339,3.2175545146709483,25.209684705609746,4.802403376785734,6.183614636843755,3.9580223460585287